*People;;*Mensen;;
**Personal documents;;**Persoonlijke documenten;;
driver's license;’draɪvərs ’laɪsəns;het rijbewijs;n;
passport;’pæspɔ:rt;het paspoort;n;
name;neɪm;de naam;m;
last name;læst neɪm;de achternaam;m;
signature;’sɪgnətʃər;de handtekening;f;
age;eɪdʒ;de leeftijd;m;
birthday;’bɜ:rƟ‚deɪ;de verjaardag;m;
adult;ə’dʌlt, ’ædʌlt;de volwassene;f,m;
man;mæn;de man;m;
woman;’wʋmən;de vrouw;f;
address;ə’dres, ’ædres;het adres;n;
**Family;;**Gezin;;
family;’fæməlɪ;het gezin;n;
parents;’pærənts;de ouders;mpl;
father;’fɑ:ðər;de vader;m;
mother;’mʌðər;de moeder;f;
sister;’sɪstər;de zus;f;
brother;’brʌðər;de broer;m;
husband;’hʌzbənd;de echtgenoot;m;
wife;waɪf;de echtgenote;f;
baby;’beɪbɪ;de baby;m;
child;tʃaɪld;het kind;n;
son;sʌn;de zoon;m;
daughter;’dɔ:tər;de dochter;f;
**Senses;;**Zintuigen;;
sight;saɪt;het zicht;n;
hearing;’hɪrɪŋ;het gehoor;n;
smell;smel;de reukzin;m;
taste;teɪst;de smaak;m;
**Feelings;;**Gevoelens;;
love;lʌv;de liefde;f;
faith;feɪƟ;het geloof;n;
joy;dʒɔɪ;het geluk;n;
fear;fɪər;de angst;m;
happy;’hæpɪ;gelukkig;;
scared;skeərd;bang;;
sad;sæd;verdrietig;;
surprised;sər’praɪzd;verrast;;
upset;ʌp’set;ontstemd;;
**Body;;**Lichaam;;
shoulder;’ʃəʋldər;de schouder;m;
neck;nek;de nek;m;
back;bæk;de rug;m;
abdomen;’æbdəmən;de buik;m;
chest;tʃest;de borst;m;
head;hed;het hoofd;n;
hip;hɪp;de heup;m;
leg;leg;het been;n;
knee;ni:;de knie;m;
foot;fʋt;de voet;m;
heel;hi:l;de hiel;m;
ankle;’æŋkəl;de enkel;m;
arm;ɑ:rm;de arm;m;
hand;hænd;de hand;m;
elbow;’elbəʋ;de elleboog;m;
wrist;rɪst;de pols;m;
finger;’fɪŋgər;de vinger;m;
toe;təʋ;de teen;m;
little finger;’lɪtəl ’fɪŋgər;de pink;m;
middle finger;’mɪdəl ’fɪŋgər;de middelvinger;m;
thumb;Ɵʌm;de duim;m;
ring finger;rɪŋ ’fɪŋgər;de ringvinger;m;
index finger;’ɪndeks ’fɪŋgər;de wijsvinger;m;
**Head;;**Hoofd;;
face;feɪs;het gezicht;n;
eye;aɪ;het oog;n;
eyelashes;’aɪ‚læʃɪz;de wimpers;mpl;
eyebrow;’aɪbraʋ;de wenkbrauw;m;
ear;ɪər;het oor;n;
forehead;’fɔ:rɪd;het voorhoofd;n;
nose;nəʋz;de neus;m;
cheek;tʃi:k;de wang;m;
mouth;maʋƟ;de mond;m;
lip;lɪp;de lip;m;
chin;tʃɪn;de kin;m;
jaw;dʒɔ:;de kaak;m;
tooth;tu:Ɵ;de tand;m;
tongue;tʌŋ;de tong;m;
**Organs;;**Organen;;
brain;breɪn;de hersenen;pl;
lungs;lʌŋz;de longen;mpl;
heart;hɑ:rt;het hart;n;
stomach;’stʌmək;de maag;m;
intestine;ɪn’testɪn;de darm;m;
liver;’lɪvər;de lever;m;
kidneys;;de nieren;mpl;
spleen;spli:n;de milt;m;
bladder;’blædər;de blaas;m;
**Daily activities;;**Dagelijkse activiteiten;;
sleep;sli:p;slapen;;
wake up;weɪk ʌp;wakker worden;;
get up;get ʌp;opstaan;;
have a shower;hæv ə ’ʃaʋər;douchen;;
shave;ʃeɪv;zich scheren;;
jog;dʒɒg;joggen;;
comb;kəʋm;haren kammen;;
brush teeth;brʌʃ ti:Ɵ;tanden poetsen;;
dress;dres;zich aankleden;;
cook;kʋk;koken;;
eat;i:t;eten;;
drink;drɪŋk;drinken;;
go to work;gəʋ tə wɜ:rk;naar het werk gaan;;
drive a car;draɪv ə kɑ:r;autorijden;;
take a bus;teɪk ə bʌs;de bus nemen;;
buy;baɪ;kopen;;
choose;tʃu:z;kiezen;;
watch TV;wɒtʃ ‚ti:’vi:;televisie kijken;;
clean the house;kli:n ðə haʋs;het huis schoonmaken;;
iron;’aɪərn;strijken;;
wash up;wɒʃ ʌp;afwassen;;
go to bed;gəʋ tə bed;naar bed gaan;;
**Verbs;;**Werkwoorden;;
stand;stænd;staan;;
sit;sɪt;zitten;;
lie;laɪ;liggen;;
go in;’gəʋ‚ɪn;naar binnen gaan;;
go out;’gəʋ‚aʋt;naar buiten gaan;;
come;kʌm;komen;;
leave;li:v;weggaan;;
go;gəʋ;gaan;;
run;rʌn;rennen;;
jump;dʒʌmp;springen;;
fall;fɔ:l;vallen;;
stop;stɒp;stoppen;;
**Verbs 2;;**Werkwoorden 2;;
lay;leɪ;leggen;;
put;pʋt;zetten;;
move;mu:v;verplaatsen;;
hang;hæŋ;ophangen;;
touch;tʌtʃ;aanraken;;
raise;reɪz;optillen;;
take;teɪk;pakken;;
hold;həʋld;vasthouden;;
bring;brɪŋ;brengen;;
give;gɪv;geven;;
get;get;krijgen;;
pull;pʋl;trekken;;
push;pʋʃ;duwen;;
break;breɪk;breken;;
throw;Ɵrəʋ;gooien;;
catch;kætʃ;vangen;;
lose;lu:z;verliezen;;
find;faɪnd;vinden;;
carry;’kærɪ;dragen;;
shake;ʃeɪk;schudden;;
tie;taɪ;vastmaken;;
spill;spɪl;knoeien;;
tear;teər;scheuren;;
bind;baɪnd;vastbinden;;
bend;bend;buigen;;
**Verbs 3;;**Werkwoorden 3;;
breathe;bri:ð;ademen;;
see;si:;zien;;
hear;hɪər;horen;;
taste;teɪst;proeven;;
smell;smel;ruiken;;
think;Ɵɪŋk;denken;;
love;lʌv;houden van;;
laugh;læf;lachen;;
smile;smaɪl;glimlachen;;
cry;kraɪ;huilen;;
dream;dri:m;dromen;;
*General;;*Algemeen;;
**Colors;;**Kleuren;;
black;blæk;zwart;;
white;waɪt;wit;;
red;red;rood;;
orange;’ɒrɪndʒ;oranje;;
yellow;’jeləʋ;geel;;
green;;groen;;
blue;blu:;blauw;;
violet;’vaɪəlɪt;paars;;
pink;;roze;;
brown;braʋn;bruin;;
gray;greɪ;grijs;;
beige;beɪʒ;beige;;
**Numbers;;**Getallen;;
zero;’zɪərəʋ;nul;;
one;wʌn;een;;
two;tu:;twee;;
three;Ɵri:;drie;;
four;fɔ:r;vier;;
five;faɪv;vijf;;
six;sɪks;zes;;
seven;’sevən;zeven;;
eight;eɪt;acht;;
nine;naɪn;negen;;
ten;ten;tien;;
eleven;ɪ’levən;elf;;
twelve;twelv;twaalf;;
thirteen;Ɵɜ:r’ti:n;dertien;;
fourteen;‚fɔ:r’ti:n;veertien;;
fifteen;‚fɪf’ti:n;vijftien;;
sixteen;‚sɪks’ti:n;zestien;;
seventeen;‚sevən’ti:n;zeventien;;
eighteen;eɪ’ti:n;achttien;;
nineteen;‚naɪn’ti:n;negentien;;
twenty;’twentɪ;twintig;;
twenty-one;‚twentɪ’wʌn;eenentwintig;;
thirty;’Ɵɜ:rtɪ;dertig;;
forty;’fɔ:rtɪ;veertig;;
fifty;’fɪftɪ;vijftig;;
sixty;’sɪkstɪ;zestig;;
seventy;’sevəntɪ;zeventig;;
eighty;’eɪtɪ;tachtig;;
ninety;’naɪntɪ;negentig;;
hundred;’hʌndrɪd;honderd;;
two hundred;tu: ’hʌndrɪd;tweehonderd;;
five hundred;‚faɪv’hʌndrɪd;vijfhonderd;;
thousand;’Ɵaʋzənd;duizend;;
million;’mɪljən;miljoen;;
billion;’bɪljən;miljard;;
**Time;;**Tijd;;
one o'clock;wʌn ə’klɒk;één uur;;
two o'clock;tu: ə’klɒk;twee uur;;
three o'clock;Ɵri: ə’klɒk;drie uur;;
four o'clock;fɔ:r ə’klɒk;vier uur;;
five o'clock;faɪv ə’klɒk;vijf uur;;
six o'clock;sɪks ə’klɒk;zes uur;;
seven o'clock;’sevən ə’klɒk;zeven uur;;
eight o'clock;eɪt ə’klɒk;acht uur;;
nine o'clock;;negen uur;;
ten o'clock;ten ə’klɒk;tien uur;;
eleven o'clock;ɪ’levən ə’klɒk;elf uur;;
twelve o'clock;twelv ə’klɒk;twaalf uur;;
**Shapes;;**Vormen;;
circle;’sɜ:rkəl;de cirkel;m;
rectangle;’rek‚tæŋgəl;de rechthoek;m;
oval;’əʋvəl;het ovaal;n;
rhombus;’rɒmbəs;de ruit;f;
triangle;’traɪ‚æŋgəl;de driehoek;m;
square;skweər;het vierkant;n;
*Food and drinks;;*Eten en drinken;;
**Fruits;;**Fruit;;
apple;’æpəl;de appel;m;
apricot;’æprə‚kɒt;de abrikoos;f;
banana;bə’nænə;de banaan;f;
blackberry;’blæk‚berɪ;de bramen;mpl;
blueberry;’blu:‚berɪ;de bosbessen;fpl;
cherry;’tʃerɪ;de kersen;fpl;
cranberry;’kræn‚berɪ;de veenbessen;fpl;
redcurrant;;de rode bessen;fpl;
blackcurrant;‚blæk’kɜ:rənt;de zwarte bessen;fpl;
date;deɪt;de dadel;m;
fig;fɪg;de vijg;f;
gooseberry;’gu:s‚berɪ;de kruisbessen;fpl;
grapefruit;’greɪpfru:t;de grapefruit;m;
grapes;greɪps;de druiven;mpl;
guava;’gwɒvə;de guave;m;
kiwi fruit;’ki:wɪ fru:t;de kiwi;m;
lemon;’lemən;citroen;;
lime;laɪm;de limoen;m;
lychee;’laɪtʃi:;de lychee;f;
tangerine;‚tændʒə’ri:n;de mandarijn;m;
mango;’mæŋgəʋ;de mango;m;
melon;’melən;meloen;;
orange;’ɒrɪndʒ;de sinaasappel;m;
papaya;pə’pɑ:jə;de papaja;m;
peach;pi:tʃ;de perzik;f;
pear;peər;de peer;f;
persimmon;pɜ:r’sɪmən;de kaki;f;
pineapple;’paɪn‚æpəl;ananas;;
plum;plʌm;de pruim;f;
pomegranate;’pɒm‚grænɪt;de granaatappel;m;
raspberry;’ræz‚berɪ;de frambozen;fpl;
strawberry;’strɔ:bərɪ;de aardbeien;fpl;
watermelon;’wɒtər‚melən;watermeloen;;
**Vegetables;;**Groenten;;
asparagus;ə’spærəgəs;de asperge;f;
avocado;‚ævə’kɒdəʋ;de avocado;f;
bean;bi:n;de bonen;mpl;
beet;bi:t;de biet;f;
broccoli;’brɒkəlɪ;de broccoli;m;
cabbage;’kæbɪdʒ;de kool;f;
carrot;’kærət;de wortel;m;
celery;’selərɪ;de selderie;m;
cucumber;’kju:kəmbər;de komkommer;f;
dill;;de dille;f;
eggplant;’egplænt;de aubergine;f;
olive;’ɒlɪv;de olijf;f;
garlic;’gɑ:rlɪk;de knoflook;m;
ginger;’dʒɪndʒər;de gember;m;
onion;’ʌnjən;de ui;m;
sweet pepper;swi:t ’pepər;de paprika;f;
parsley;’pɑ:rslɪ;de peterselie;f;
peas;pi:z;de erwten;fpl;
potato;pə’teɪtəʋ;de aardappel;m;
pumpkin;’pʌmpkɪn;de pompoen;m;
radish;’rædɪʃ;de radijs;f;
spinach;’spɪnɪtʃ;de spinazie;f;
tomato;tə’meɪtəʋ;de tomaat;f;
zucchini;zu:’ki:nɪ;de zucchini;pl;
**Snack;;**Tussendoortje;;
raisin;’reɪzɪn;de rozijnen;fpl;
chocolate;’tʃɒklɪt;de chocola;m;
potato chips;pə’teɪtəʋ tʃɪps;de chips;pl;
popcorn;’pɒp‚kɔ:rn;de popcorn;m;
candy;’kændɪ;het snoep;n;
**Bakery;;**Bakkerij;;
bread;bred;het brood;n;
loaf;ləʋf;het een brood;n;
white bread;waɪt bred;het witbrood;n;
whole grain bread;həʋl greɪn bred;het volkorenbrood;n;
baguette;bæ’get;het stokbrood;n;
**Confectionery;;**Banketbakkerij;;
cake;keɪk;het gebak;n;
pie;paɪ;de taart;f;
doughnut;’dəʋnʌt;de donut;m;
cookies;’kʋkɪz;het koekjes;npl;
muffin;’mʌfɪn;de muffin;m;
pound cake;paʋnd keɪk;de cake;m;
cheesecake;’tʃi:zkeɪk;de kwarktaart;f;
**Breakfast;;**Ontbijt;;
omelet;’ɒmlət;de omelet;f;
fried eggs;fraɪd egz;de uitsmijter;m;
pancake;’pænkeɪk;de pannenkoek;m;
croissant;krwɑ:’sɒn;de croissant;m;
cornflakes;’kɔ:rn‚fleɪks;de cornflakes;pl;
muesli;’mju:zlɪ;de muesli;m;
sandwich;’sændwɪtʃ;het boterham;n;
**Lunch;;**Lunch;;
pizza;’pi:tsə;de pizza;f;
salad;’sæləd;de salade;f;
hot dog;hɒt dɒg;de hotdog;m;
hamburger;’hæm‚bɜ:rgər;de hamburger;m;
chicken wings;’tʃɪkən wɪŋz;het kippenvleugeltjes;npl;
turkey breast;’tɜ:rkɪ brest;de kalkoenborst;m;
soup;su:p;de soep;f;
pasta;’pæstə;de pasta;m;
mashed potatoes;mæʃt pə’teɪtəʋz;de aardappelpuree;f;
rice;raɪs;de rijst;m;
French fries;frentʃ fraɪs;de friet;m;
boiled potatoes;bɔɪld pə’teɪtəʋz;de gekookte aardappelen;mpl;
beefsteak;’bi:f‚steɪk;de biefstuk;m;
fried fish;fraɪd fɪʃ;de gebakken vis;m;
seafood;’si:fu:d;de zeevruchten;fpl;
**Milk products;;**Melkproducten;;
yogurt;’jəʋgərt;de yoghurt;m;
ice cream;’aɪs‚kri:m;het ijs;n;
cheese;tʃi:z;de kaas;m;
cottage cheese;’kɒtɪdʒ tʃi:z;de kwark;m;
butter;’bʌtər;de boter;f;
sour cream;saʋr kri:m;de zure room;m;
milk;mɪlk;de melk;f;
cream;kri:m;de room;m;
**Condiments;;**Kruiden;;
sugar;’ʃʋgər;de suiker;m;
salt;sɔ:lt;het zout;n;
pepper;’pepər;de peper;m;
basil;’bæzəl;het basilicum;n;
soy sauce;sɔɪ sɔ:s;de sojasaus;f;
mayonnaise;‚meɪə’neɪz;de mayonaise;f;
ketchup;’ketʃəp;de ketchup;m;
mustard;’mʌstərd;de mosterd;m;
vinegar;’vɪnəgər;de azijn;m;
**Nuts;;**Noten;;
nut;nʌt;de noot;f;
almonds;’ɑ:məndz;de amandelen;fpl;
cashew;’kæʃu:;de cashewnoten;fpl;
hazelnuts;’heɪzəl‚nʌts;de hazelnoten;fpl;
peanuts;’pi:nʌts;de pinda's;fpl;
pistachios;pɪ’stæʃɪ‚əʋz;de pistachenoten;fpl;
walnuts;’wɔ:lnʌts;de walnoten;fpl;
**Beverages;;**Drankjes;;
water;’wɒtər;het water;n;
tea;ti:;de thee;m;
iced tea;aɪst ti:;de ijsthee;m;
green tea;gri:n ti:;de groene thee;m;
juice;dʒu:s;het sap;n;
lemonade;‚lemə’neɪd;de limonade;f;
bottled water;’bɒtəld ’wɒtər;het mineraalwater;n;
sparkling water;’spɑ:rklɪŋ ’wɒtər;het koolzuurhoudend water;n;
coffee;’kɔ:fɪ, ’kɒfɪ;de koffie;m;
espresso;e’spresəʋ;de espresso;m;
cappuccino;‚kɑ:pə’tʃi:nəʋ;de cappuccino;m;
orange juice;’ɒrɪndʒ dʒu:s;het sinaasappelsap;n;
tomato juice;tə’meɪtəʋ dʒu:s;het tomatensap;n;
apple juice;’æpəl dʒu:s;het appelsap;n;
*Appearance;;*Uiterlijk;;
**Clothes;;**Kleding;;
dress;dres;de jurk;m;
jacket;’dʒækɪt;de jas;m;
jeans;dʒi:ns;de spijkerbroek;m;
denim jacket;’denəm ’dʒækɪt;de spijkerjas;m;
shirt;ʃɜ:rt;het overhemd;n;
T-shirt;’ti:‚ʃɜ:rt;het T-shirt;n;
pants;pænts;de broek;m;
blouse;blaʋs;de blouse;m;
top;tɒp;het topje;n;
skirt;skɜ:rt;de rok;m;
sweater;’swetər;de trui;m;
turtleneck;’tɜ:rtəl‚nek;de coltrui;m;
vest;vest;het gilet;n;
shorts;ʃɔ:rts;de korte broek;m;
tracksuit;’træksu:t;het trainingspak;n;
coat;kəʋt;de lange jas;m;
leather jacket;’leðər ’dʒækɪt;de leren jas;m;
overalls;’əʋvər‚ɔ:lz;de overall;m;
raincoat;’reɪn‚kəʋt;de regenjas;m;
**Underwear;;**Ondergoed;;
stockings;’stɒkɪŋz;de pantykousen;mpl;
panties;’pæntɪz;de onderbroek;m;
undershirt;’ʌndər‚ʃɜ:rt;het hemd;n;
socks;sɒks;de sokken;mpl;
bra;brɑ:;de bh;m;
pantyhose;’pæntɪhəʋz;de panties;pl;
**Sleepwear;;**Pyjama's;;
pajamas;pə’dʒɑ:məz;de pyjama;m;
nightgown;’naɪtgaʋn;het nachtjapon;n;
dressing gown;’dresɪŋ‚gaʋn;de ochtendjas;m;
**Footwear;;**Schoenen;;
slingbacks;’slɪŋbæks;de damessandalen;mpl;
high boots;haɪ bu:ts;de hoge laarzen;mpl;
slippers;’slɪpərz;de slippers;mpl;
shoes;ʃu:z;de schoenen;mpl;
sneakers;’sni:kərz;de sportschoenen;mpl;
boots;bu:ts;de laarzen;mpl;
sandals;’sændəlz;de sandalen;mpl;
**Accessories;;**Accessoires;;
belt;belt;de riem;m;
watch;wɒtʃ;het horloge;n;
tie;taɪ;de stropdas;m;
eyeglasses;’aɪ‚glæsɪz;de bril;m;
gloves;glʌvz;de handschoenen;mpl;
backpack;’bækpæk;de rugzak;m;
briefcase;’bri:f‚keɪs;het koffertje;n;
bag;bæg;de tas;m;
hat;hæt;de hoed;m;
cap;kæp;het petje;n;
woolen hat;’wʋlən hæt;de muts;f;
wallet;’wɒlɪt;de portemonnee;f;
purse;pɜ:rs;de handtas;m;
umbrella;ʌm’brelə;de paraplu;f;
handkerchief;’hæŋkərtʃɪf;de zakdoek;m;
scarf;skɑ:rf;de das;m;
**Jewelry;;**Sieraden;;
ring;rɪŋ;de ring;m;
earrings;’ɪər‚rɪŋz;de oorbellen;mpl;
necklace;’neklɪs;de halsketting;f;
chain;tʃeɪn;de ketting;f;
bracelet;’breɪslɪt;de armband;m;
*Beauty;;*Schoonheid;;
**Beauty salon;;**Schoonheidssalon;;
hairdresser;’heər‚dresər;de kapper;m;
makeup;’meɪkʌp;de make-up;m;
manicure;’mænəkjʋr;de manicure;f;
highlights;’haɪ‚laɪts;de highlights;pl;
hair coloring;heər ’kʌlərɪŋ;het haar verven;n;
**Hairstyle;;**Kapsel;;
part;pɑ:rt;de scheiding;f;
plait;pleɪt;de vlecht;m;
bangs;bæŋz;de pony;m;
curls;kɜ:rlz;de krullen;fpl;
hair spray;’heərspreɪ;de haarlak;m;
mousse;mu:s;de mousse;m;
**Makeup;;**Make-up;;
mascara;mæ’skærə;de mascara;f;
eye shadows;aɪ ’ʃædəʋz;de oogschaduw;f;
powder;’paʋdər;het poeder;n;
lipstick;’lɪp‚stɪk;de lippenstift;m;
lip gloss;lɪp glɒs;de lip gloss;m;
lip liner;lɪp ’laɪnər;de lipliner;m;
eyeliner;’aɪ‚laɪnər;de eyeliner;m;
perfume;’pɜ:rfju:m;het parfum;n;
deodorant;di:’əʋdərənt;de deodorant;m;
cream;kri:m;de crème;f;
Q-tips;’kju:‚tɪps;het wattenstaafjes;npl;
cotton pads;’kɒtən pædz;het wattenschijfjes;npl;
**Manicure;;**Manicure;;
nail polish;’neɪl‚pɒlɪʃ;de nagellak;m;
nail file;neɪl faɪl;de nagelvijl;m;
cuticle scissors;’kju:tɪkəl ’sɪzərz;de nagelschaar;m;
tweezers;’twi:zərz;pincet;;
*Health;;*Gezondheid;;
**Symptoms;;**Symptomen;;
cough;kɒf;de hoest;m;
allergy;’ælərdʒɪ;de allergie;f;
toothache;’tu:Ɵeɪk;de kiespijn;m;
stuffy nose;’stʌfɪ nəʋz;de verkoudheid;f;
pain;peɪn;de pijn;m;
rash;ræʃ;de uitslag;m;
headache;’hed‚eɪk;de hoofdpijn;m;
dizziness;’dɪzɪnɪs;de duizeligheid;f;
sore throat;sɔ:r Ɵrəʋt;de keelpijn;m;
**Injuries;;**Verwondingen;;
bruise;bru:z;de blauwe plek;m;
wound;wu:nd;de wond;f;
burn;bɜ:rn;de brandwond;f;
cut;kʌt;de snee;f;
blister;’blɪstər;de blaar;m;
lump;lʌmp;de bult;m;
fracture;’fræktʃər;de breuk;f;
bite;baɪt;de beet;m;
**Drugstore;;**Apotheek;;
prescription;prɪ’skri:pʃən;het recept;n;
medicine;’medəsən;het medicijn;n;
pill;pɪl;het pilletje;n;
effervescent tablets;‚efər’vesənt ’tæblɪts;het oplostabletten;npl;
drops;drɒps;de druppels;mpl;
ointment;ˈɔɪnt.mənt;de zalf;m;
adhesive plaster;æd’hi:sɪv ’plæstər;de pleister;m;
*Children;;*Kinderen;;
**Toys;;**Speelgoed;;
doll;dɒl;de pop;f;
dinner play set;’dɪnər pleɪ set;het speelgoedservies;n;
dollhouse;’dɒlhaʋs;het poppenhuis;n;
teddy bear;’tedɪ beər;de teddybeer;m;
stuffed animals;stʌft ’ænəməlz;het knuffeldieren;npl;
ball;bɔ:l;de bal;m;
bubble blower;’bʌbəl ’bləʋər;de bellenblaas;f;
puzzle;’pʌzəl;de puzzel;m;
building blocks;’bɪldɪŋ ’blɒks;het blokken;npl;
**Outdoor play;;**Buiten spelen;;
sandbox;’sænd‚bɒks;de zandbak;m;
pail and shovel;peɪl ænd ’ʃʌvəl;de emmer en schepje;m;
swing;swɪŋ;de schommel;m;
slide;slaɪd;de glijbaan;f;
carousel;‚kærə’sel;de draaimolen;m;
jump rope;dʒʌmp rəʋp;het springtouw;n;
trampoline;‚træmpə’lɪn;de trampoline;f;
roller skates;’rəʋlər skeɪts;de rolschaatsen;fpl;
**Nouns;;**Zelfstandige naamwoorden;;
crayons;’kreɪɒnz;het potloden;npl;
coloring book;’kʌlərɪŋ bʋk;het kleurboek;n;
glue;glu:;de lijm;m;
construction paper;kən’strʌkʃən ’peɪpər;het knutselpapier;n;
drawing book;’drɔ:ɪŋ bʋk;het tekenboek;n;
scissors;’sɪzərz;de schaar;f;
paintbox;’peɪntbɒks;de tekendoos;f;
paintbrush;’peɪntbrʌʃ;de kwast;m;
chalk;tʃɔ:k;het krijt;n;
modeling clay;’mɒdəlɪŋ kleɪ;de boetseerklei;f;
felt-tip pen;’felt‚tɪp pen;de viltstift;m;
*Environment;;*Omgeving;;
**Earth;;**Aarde;;
nature;’neɪtʃər;de natuur;f;
ground;graʋnd;de grond;m;
forest;’fɔ:rɪst;het bos;n;
desert;’dezərt;de woestijn;f;
taiga;’taɪgə;de taiga;m;
tundra;’tʌndrə;de toendra;f;
tropics;’trɒpɪks;de tropen;pl;
shore;ʃɔ:r;de oever;m;
bank;bæŋk;de rivieroever;m;
coast;kəʋst;de kust;f;
mountain;’maʋntən;de berg;m;
hill;hɪl;de heuvel;m;
peak;pi:k;de bergtop;m;
volcano;vɒl’keɪnəʋ;de vulkaan;m;
crater;’kreɪtər;de krater;m;
valley;’vælɪ;de vallei;f;
plain;pleɪn;de vlakte;f;
plateau;’plætəʋ;het plateau;n;
cliff;klɪf;de klip;m;
canyon;’kænjən;het ravijn;n;
cave;keɪv;de grot;f;
glacier;’gleɪʃər;de gletsjer;m;
geyser;’gaɪzər;de geiser;m;
**Water;;**Water;;
ocean;’əʋʃən;de oceaan;m;
sea;si:;de zee;f;
gulf;gʌlf;de golf;f;
strait;streɪt;de straat;m;
river;’rɪvər;de rivier;f;
lake;leɪk;het meer;n;
pond;pɒnd;de vijver;m;
brook;brʋk;de beek;f;
current;’kɜ:rənt, ’kʌrənt;de stroming;f;
wave;weɪv;de golf;f;
waterfall;’wɒtər‚fɔ:l;de waterval;m;
lagoon;lə’gu:n;de lagune;f;
puddle;’pʌdəl;de plas;m;
**Weather;;**Het weer;;
sky;skaɪ;de lucht;f;
cloud;klaʋd;de wolk;f;
sun;sʌn;de zon;f;
hail;heɪl;de hagel;m;
rain;reɪn;de regen;m;
thunderstorm;’Ɵʌndər‚stɔ:rm;het onweer;n;
storm;stɔ:rm;de storm;m;
lightning;’laɪtnɪŋ;de bliksem;m;
wind;wɪnd;de wind;m;
fog;fɒg;de mist;m;
rainbow;’reɪnbəʋ;de regenboog;m;
ice;aɪs;het ijs;n;
snow;snəʋ;de sneeuw;m;
**Disasters;;**Rampen;;
tornado;tɔ:r’neɪdəʋ;de tornado;m;
hurricane;’hɜ:rɪ‚keɪn, ’hʌrɪ‚keɪn;de orkaan;m;
tsunami;tsʋ’nɑ:mɪ;de tsunami;pl;
flood;flʌd;de overstroming;f;
earthquake;’ɜ:rƟ‚kweɪk;de aardbeving;f;
eruption;ɪ’rʌpʃən;de vulkaanuitbarsting;f;
forest fires;’fɔ:rɪst ’faɪərs;de bosbranden;mpl;
avalanche;’ævə‚læntʃ;de lawine;f;
mudslide;’mʌd‚slaɪd;de modderstroom;m;
rockfall;’rɒk‚fɔ:l;de steenval;m;
snowfall;’snəʋ‚fɔ:l;de sneeuwval;m;
drought;draʋt;de droogte;f;
**Trees;;**Bomen;;
poplar;’pɒplər;de populier;m;
maple;’meɪpəl;de esdoorn;m;
chestnut;’tʃestnʌt;de kastanjeboom;m;
oak;əʋk;de eik;m;
willow;’wɪləʋ;de wilg;m;
fir tree;fɜ:r tri:;de spar;m;
birch;bɜ:rtʃ;de berk;m;
palm;pɑ:m;de palm;m;
pine tree;paɪn tri:;de den;m;
ash;æʃ;de es;m;
**Flowers;;**Bloemen;;
poppy;’pɒpɪ;de klaproos;f;
daffodil;’dæfədɪl;de narcis;m;
dandelion;’dændɪlaɪən;de paardebloem;m;
aster;’æstər;de aster;m;
daisy;’deɪzɪ;de margriet;f;
lavender;’lævəndər;de lavendel;m;
orchid;’ɔ:rkɪd;de orchidee;f;
peony;’pi:ənɪ;de pioenroos;m;
rose;rəʋz;de roos;f;
chrysanthemum;krɪ’sænƟəməm;de chrysant;m;
snowdrop;’snəʋ‚drɒp;het sneeuwklokje;n;
violet;’vaɪəlɪt;het maarts viooltje;n;
camellia;kə’mi:ljə;de camelia;f;
bellflower;’bel‚flaʋər;de klokjesbloem;m;
lily;’lɪlɪ;de lelie;f;
carnation;kɑ:r’neɪʃən;de anjer;m;
chamomile;’kæmə‚maɪl, ’kæmə‚mi:l;de kamille;f;
magnolia;mæg’nəʋljə;de magnolia;f;
dahlia;’dæljə;de dahlia;f;
tulip;’tu:lɪp;de tulp;m;
iris;’aɪrɪs;de iris;m;
**Wild animals;;**Wilde dieren;;
panda;’pændə;de panda;m;
antelope;’æntə‚ləʋp;de antilope;m;
tiger;’taɪgər;de tijger;m;
panther;’pænƟər;de panter;m;
camel;’kæməl;de kameel;m;
wolf;wʋlf;de wolf;m;
lion;’laɪən;de leeuw;m;
seal;si:l;de zeehond;m;
hyena;haɪ’i:nə;de hyena;f;
fox;fɒks;de vos;m;
hedgehog;’hedʒhɒg;de egel;m;
raccoon;ræ’ku:n;de wasbeer;m;
groundhog;’graʋndhɒg;het aardvarken;n;
mouse;maʋs;de muis;m;
hamster;’hæmstər;de hamster;m;
deer;dɪər;het hert;n;
leopard;’lepərd;het luipaard;n;
hippopotamus;‚hɪpə’pɒtəməs;het nijlpaard;n;
monkey;’mʌŋkɪ;de aap;m;
zebra;’zebrə, ’zi:brə;de zebra;m;
cheetah;’tʃi:tə;het jachtluipaard;n;
buffalo;’bʌfə‚ləʋ;de buffel;m;
boar;bɔ:r;de wild zwijn;m;
rhinoceros;raɪ’nɒsərəs;de neushoorn;m;
hare;heər;de haas;m;
chimpanzee;‚tʃɪmpæn’zi:;de chimpansee;m;
koala;kəʋ’ɑ:lə;de koalabeer;m;
elephant;’eləfənt;de olifant;m;
gopher;’gəʋfər;de grondeekhoorn;m;
mole;məʋl;de mol;m;
jaguar;’dʒægwɑ:r;de jaguar;m;
polar bear;’pəʋlər beər;de ijsbeer;m;
beaver;’bi:vər;de bever;m;
chipmunk;’tʃɪpmʌŋk;de aardeekhoorn;m;
squirrel;’skwɜ:rəl;de eekhoorn;m;
lynx;lɪŋks;de lynx;m;
bear;beər;de beer;m;
giraffe;dʒə’ræf;de giraf;m;
kangaroo;‚kæŋgə’ru:;de kangoeroe;m;
**Domestic animals;;**Huisdieren;;
hen;hen;de hen;f;
goat;gəʋt;de geit;f;
cow;kaʋ;de koe;f;
dog;dɒg;de hond;m;
turkey;’tɜ:rkɪ;de kalkoen;m;
donkey;’dɒŋkɪ;de ezel;m;
sheep;ʃi:p;het schaap;n;
rooster;’ru:stər;de haan;m;
pig;pɪg;het varken;n;
rabbit;’ræbɪt;het konijn;n;
bull;bʋl;de stier;m;
puppy;’pʌpɪ;de puppy;m;
horse;hɔ:rs;het paard;n;
calf;kæf;het kalf;n;
cat;kæt;de kat;m;
duck;dʌk;de eend;m;
kitten;’kɪtən;het katje;n;
llama;’lɑ:mə;de lama;m;
chicken;’tʃɪkən;het kuiken;n;
goose;gu:s;de gans;m;
kid;kɪd;het geitje;n;
**Birds;;**Vogels;;
hawk;hɔ:k;de havik;m;
woodpecker;’wʋd‚pekər;de specht;m;
sparrow;’spærəʋ;de spreeuw;m;
lark;lɑ:rk;de leeuwerik;m;
nightingale;’naɪtən‚geɪl;de nachtegaal;m;
pigeon;’pɪdʒən;de duif;m;
penguin;’peŋgwɪn;de pinguïn;m;
swallow;’swɒləʋ;de zwaluw;m;
seagull;’si:gəl;de meeuw;m;
peacock;’pi:‚kɒk;de pauw;m;
ostrich;’ɔ:strɪtʃ;de struisvogel;m;
parrot;’pærət;de papegaai;m;
flamingo;flə’mɪŋgəʋ;de flamingo;m;
owl;aʋl;de uil;m;
pelican;’peləkən;de pelikaan;m;
crow;krəʋ;de kraai;m;
eagle;’i:gəl;de arend;m;
swan;swɒn;de zwaan;m;
*Geography;;*Aardrijkskunde;;
**General;;**Algemeen;;
globe;gləʋb;de wereldbol;m;
map;mæp;de kaart;f;
pole;pəʋl;de pool;m;
north;nɔ:rƟ;het noorden;n;
south;saʋƟ;het zuiden;n;
west;west;het westen;n;
east;i:st;het oosten;n;
**Continents;;**Continenten;;
North America;‚nɔ:rƟə’merɪkə;het Noord-Amerika;n;
South America;‚saʋƟə’merɪkə;het Zuid-Amerika;n;
Europe;’jʋrəp;het Europa;n;
Asia;’eɪʒə;het Azië;n;
Africa;’æfrɪkə;het Afrika;n;
Antarctica;æn’tɑ:rktɪkə;het Antarctica;n;
**Oceans;;**Oceanen;;
Arctic Ocean;’ɑ:rktɪk ’əʋʃən;de Arctische oceaan;m;
Pacific Ocean;pə’sɪfɪk ’əʋʃən;de Stille oceaan;m;
Atlantic Ocean;æt’læntɪk ’əʋʃən;de Atlantische oceaan;m;
Indian Ocean;’ɪndɪən‚əʋʃən;de Indische oceaan;m;
**Europe;;**Europa;;
Albania;æl’beɪnɪə;het Albanië;n;
Austria;’ɔ:strɪə;het Oostenrijk;n;
Belarus;’belə‚ru:s;het Wit-Rusland;n;
Belgium;’beldʒəm;het België;n;
Bosnia and Herzegovina;’bɒznɪə ənd ‚heərtsə’gɒvɪnə;het Bosnië en Herzegovina;n;
Bulgaria;bəl’gerɪə;het Bulgarije;n;
Croatia;krəʋ’eɪʃə;het Kroatië;n;
Cyprus;’saɪprəs;het Cyprus;n;
Czech Republic;tʃek rɪ’pʌblɪk;het Tsjechië;n;
Denmark;’denmɑ:rk;het Denemarken;n;
Estonia;e’stəʋnɪə;het Estland;n;
Finland;’fɪnlənd;het Finland;n;
France;fræns;het Frankrijk;n;
Germany;’dʒɜ:rmənɪ;het Duitsland;n;
Greece;gri:s;het Griekenland;n;
Hungary;’hʌŋgərɪ;het Hongarije;n;
Iceland;’aɪslənd;het IJsland;n;
Ireland;’aɪərlənd;het Ierland;n;
Italy;’ɪtəlɪ;het Italië;n;
Latvia;’lætvɪə;het Letland;n;
Lithuania;‚lɪƟu:’eɪnɪə;het Litouwen;n;
Moldova;mɒl’dəʋvə;het Moldavië;n;
Monaco;’mɒnəkəʋ;het Monaco;n;
Montenegro;‚mɒntə’ni:grəʋ;het Montenegro;n;
Netherlands;’neðərləndz;het Nederland;n;
Norway;’nɔ:rweɪ;het Noorwegen;n;
Poland;’pəʋlənd;het Polen;n;
Portugal;’pɔ:rtʃʋgəl;het Portugal;n;
Romania;rəʋ’meɪnɪə;het Roemenië;n;
Russia;’rʌʃə;het Rusland;n;
Serbia;’sɜ:rbɪə;het Servië;n;
Slovakia;sləʋ’vɑ:kɪə;het Slowakije;n;
Slovenia;sləʋ’vi:nɪə;het Slovenië;n;
Spain;speɪn;het Spanje;n;
Sweden;’swi:dən;het Zweden;n;
Switzerland;’swɪtsərlənd;het Zwitserland;n;
Turkey;’tɜ:rkɪ;het Turkije;n;
Ukraine;ju:’kreɪn;het Oekraïne;n;
United Kingdom;ju:’naɪtɪd ’kɪŋdəm;het Verenigd Koninkrijk;n;
**America;;**Amerika;;
Argentina;‚ɑ:rdʒən’ti:nə;het Argentinië;n;
Bolivia;bə’lɪvɪə;het Bolivia;n;
Brazil;brə’zɪl;het Brazilië;n;
Canada;’kænədə;het Canada;n;
Chile;’tʃɪlɪ;het Chili;n;
Colombia;kə’lʌmbɪə;het Colombia;n;
Cuba;’kju:bə;het Cuba;n;
Dominican Republic;də’mɪnəkən rɪ’pʌblɪk;het Dominicaanse Republiek;n;
Ecuador;’ekwədɔ:r;het Ecuador;n;
Guatemala;‚gwɒtə’mɒlə;het Guatemala;n;
Honduras;hɒn’dʋrəs;het Honduras;n;
Mexico;’meksɪkəʋ;het Mexico;n;
Peru;pə’ru:;het Peru;n;
United States of America (USA);ju:’naɪtɪd steɪts ɒv ə’merɪkə (ju:esaɪ);de Verenigde Staten van Amerika (VS);pl;
Uruguay;’jʋrə‚gwaɪ;het Uruguay;n;
Venezuela;‚venə’zweɪlə;het Venezuela;n;
**Africa;;**Afrika;;
Algeria;æl’dʒɪərɪə;het Algerije;n;
Angola;æŋ’gəʋlə;het Angola;n;
Egypt;’i:dʒɪpt;het Egypte;n;
Ethiopia;‚i:Ɵɪ’əʋpɪə;het Ethiopië;n;
Guinea;’gɪnɪ;het Guinee;n;
Kenya;’kenjə;het Kenia;n;
Morocco;mə’rɒkəʋ;het Marokko;n;
Mozambique;‚məʋzəm’bi:k;het Mozambique;n;
South Africa;‚saʋƟ’æfrɪkə;het Zuid-Afrika;n;
**Asia;;**Azië;;
Afghanistan;æf’gænɪ‚stæn;het Afghanistan;n;
Armenia;ɑ:r’mi:nɪə;het Armenië;n;
Azerbaijan;‚æzərbaɪ’dʒɑ:n;het Azerbeidzjan;n;
Bangladesh;‚bæŋglə’deʃ;het Bangladesh;n;
China;’tʃaɪnə;het China;n;
Georgia;’dʒɔ:rdʒə;het Georgië;n;
India;’ɪndɪə;het India;n;
Indonesia;‚ɪndə’nɪʒə;het Indonesië;n;
Iran;ɪ’ræn, ɪ’rɑ:n;het Iran;n;
Iraq;ɪ’ræk, ɪ’rɑ:k;het Irak;n;
Israel;’ɪzrɪəl;het Israël;n;
Japan;dʒə’pæn;het Japan;n;
Jordan;’dʒɔ:rdən;het Jordanië;n;
Kazakhstan;‚kɑ:zək’stɑ:n;het Kazachstan;n;
Kuwait;kʋ’weɪt;het Koeweit;n;
Kyrgyzstan;’kɪrgɪ‚stɑ:n;het Kirgizië;n;
Laos;’lɑ:əʋs;het Laos;n;
Lebanon;’lebənən;het Libanon;n;
Malaysia;mə’leɪʒə;het Maleisië;n;
Mongolia;mɒŋ’gəʋlɪə;het Mongolië;n;
Nepal;nə’pɔ:l;het Nepal;n;
North Korea;‚nɔ:rƟkə’ri:ə;het Noord-Korea;n;
Pakistan;’pækɪ‚stæn;het Pakistan;n;
Philippines;’fɪlə‚pi:nz;de Filippijnen;pl;
Saudi Arabia;‚saʋdɪə’reɪbɪə;het Saoedi-Arabië;n;
Singapore;’sɪŋgəpɔ:r;het Singapore;n;
South Korea;‚saʋƟkə’ri:ə;het Zuid-Korea;n;
Syria;’sɪrɪə;het Syrië;n;
Tajikistan;tɑ:‚dʒi:kɪ’stɑ:n;het Tadzjikistan;n;
Thailand;’taɪlənd;het Thailand;n;
Turkmenistan;‚tɜ:rkmenɪ’stɑ:n;het Turkmenistan;n;
United Arab Emirates;ju:’naɪtɪd ’ærəb ’emərɪts;de Verenigde Arabische Emiraten;pl;
Uzbekistan;ʋz’bekɪ‚stɑ:n;het Oezbekistan;n;
Vietnam;‚vjet’nɑ:m;het Vietnam;n;
**Oceania;;**Oceanië;;
Fiji;’fɪdʒɪ;het Fiji;n;
New Zealand;nu:’zi:lənd;het Nieuw-Zeeland;n;
Papua New Guinea;’pæpju:ə nu: ’gɪnɪ;het Papua Nieuw-Guinea;n;
Australia;ɔ:’streɪlɪə;het Australië;n;
*Calendar;;*Kalender;;
**General;;**Algemeen;;
morning;’mɔ:rnɪŋ;de morgen;m;
afternoon;‚æftər’nu:n;de middag;m;
evening;’i:vnɪŋ;de avond;m;
night;naɪt;de nacht;f;
noon;nu:n;12 uur 's middags;;
midnight;’mɪd‚naɪt;de middernacht;f;
sunset;’sʌn‚set;de zonsondergang;m;
sunrise;’sʌn‚raɪz;de zonsopgang;m;
**Time period;;**Tijdsperiode;;
second;’sekənd;de seconde;f;
minute;’mɪnɪt;de minuut;f;
half an hour;hæf æn ’aʋər;een half uur;;
hour;’aʋər;het uur;n;
day;deɪ;de dag;m;
week;wi:k;de week;m;
month;mʌnƟ;de maand;m;
year;jɪər;het jaar;n;
**Days of the week;;**Weekdagen;;
Sunday;’sʌndeɪ;de zondag;m;
Monday;’mʌndeɪ;de maandag;m;
Tuesday;’tu:zdeɪ;de dinsdag;m;
Wednesday;’wenzdeɪ;de woensdag;m;
Thursday;’Ɵɜ:rzdeɪ;de donderdag;m;
Friday;’fraɪdeɪ;de vrijdag;m;
Saturday;’sætərdeɪ;de zaterdag;m;
weekend;’wi:kend;het weekend;n;
weekday;’wi:kdeɪ;de werkdag;m;
**Seasons;;**Seizoenen;;
winter;’wɪntər;de winter;m;
spring;sprɪŋ;de lente;m;
summer;’sʌmər;de zomer;m;
fall;fɔ:l;de herfst;m;
**Months;;**Maanden;;
January;’dʒænju:‚erɪ;de januari;m;
February;’febru:‚erɪ;de februari;m;
March;mɑ:rtʃ;de maart;m;
April;’eɪprəl;de april;m;
May;meɪ;de mei;m;
June;dʒu:n;de juni;m;
July;dʒu:’laɪ;de juli;m;
August;’ɔ:gəst;de augustus;m;
September;sep’tembər;de september;m;
October;ɒk’təʋbər;de oktober;m;
November;nəʋ’vembər;de november;m;
December;dɪ’sembər;de december;m;
**Signs of the Zodiac;;**Sterrenbeelden;;
Aries;’erɪz;de Ram;m;
Taurus;’tɔ:rəs;de Stier;m;
Gemini;’dʒemɪnɪ;de Tweelingen;mpl;
Cancer;’kænsər;de Kreeft;m;
Leo;’li:əʋ;de Leeuw;m;
Virgo;’vɜ:rgəʋ;de Maagd;f;
Libra;’li:brə;de Weegschaal;m;
Scorpio;’skɔ:rpɪəʋ;de Schorpioen;m;
Sagittarius;‚sædʒɪ’terɪəs;de Boogschutter;m;
Capricorn;’kæprɪkɔ:rn;de Steenbok;m;
Aquarius;ə’kweərɪəs;de Waterman;m;
Pisces;’paɪsi:z;de Vissen;mpl;
*Home;;*Thuis;;
**Parts of the house;;**Delen van het huis;;
house;haʋs;het huis;n;
story;’stɔ:rɪ;de verdieping;f;
apartment;ə’pɑ:rtmənt;de woning;f;
hall;hɔ:l;de gang;m;
room;ru:m;de kamer;f;
bedroom;’bed‚ru:m;de slaapkamer;f;
roof;ru:f;het dak;n;
wall;wɔ:l;de muur;m;
floor;flɔ:r;de vloer;m;
ceiling;’si:lɪŋ;het plafond;n;
door;dɔ:r;de deur;m;
window;’wɪndəʋ;het raam;n;
corner;’kɔ:rnər;de hoek;m;
staircase;’steər‚keɪs;de trap;m;
handrail;’hændreɪl;de leuning;f;
cellar;’selər;de kelder;m;
garage;gə’rɑ:ʒ;de garage;f;
elevator;’elə‚veɪtər;de lift;m;
bell;bel;de bel;m;
**Furniture;;**Meubels;;
chair;tʃeər;de stoel;m;
double bed;‚dʌbəl’bed;het tweepersoonsbed;n;
stool;stu:l;de kruk;m;
drawer;’drɔ:ər;de la;m;
shelf;ʃelf;de plank;f;
sofa;’səʋfə;de bank;m;
table;’teɪbəl;de tafel;m;
coffee table;’kɔ:fɪ‚teɪbəl;de salontafel;m;
shelving unit;’ʃelvɪŋ ’ju:nɪt;de stellage;f;
armchair;’ɑ:rm‚tʃeər;de leunstoel;m;
bed;bed;het bed;n;
bookcase;’bʋk‚keɪs;de boekenkast;m;
clothes closet;kləʋz ’klɒzɪt;de kledingkast;m;
**Electrical appliances;;**Elektrische apparaten;;
coffeemaker;’kɔ:fɪ‚meɪkər;het koffiezetapparaat;n;
vacuum cleaner;’vækju:əm‚kli:nər;de stofzuiger;m;
toaster;’təʋstər;de broodrooster;m;
oven;’ʌvən;de oven;m;
hairdryer;’heər‚draɪər;de föhn;m;
microwave oven;’maɪkrəʋ‚weɪv ’ʌvən;de magnetron;m;
electric kettle;ɪ’lektrɪk ’ketəl;de waterkoker;m;
dishwasher;’dɪʃ‚wɒʃər;de afwasmachine;f;
mixer;’mɪksər;de mixer;m;
washing machine;’wɒʃɪŋmə‚ʃi:n;de wasmachine;f;
air-conditioner;’eərkən‚dɪʃənər;de airconditioner;m;
refrigerator;rɪ’frɪdʒə‚reɪtər;de koelkast;m;
iron;’aɪərn;het strijkijzer;n;
food processor;’fu:d‚prəʋsesər;de keukenmachine;f;
coffee grinder;’kɔ:fɪ‚graɪndər;de koffiemaler;m;
hood;hʋd;de afzuigkap;m;
stove;stəʋv;het fornuis;n;
squeezer;’skwi:zər;de sappers;m;
blender;’blendər;de blender;m;
**Kitchen;;**Keuken;;
kettle;’ketəl;de ketel;m;
frying pan;’fraɪɪŋ‚pæn;de koekenpan;m;
saucepan;’sɔ:s‚pæn;de pan;m;
baking tray;’beɪkɪŋ treɪ;de bakplaat;m;
cutting board;’kʌtɪŋ bɔ:rd;de snijplank;f;
grater;’greɪtər;de rasp;m;
salt shaker;’sɔ:lt‚ʃeɪkər;het zoutvaatje;n;
pepper shaker;’pepər ’ʃeɪkər;het pepervaatje;n;
corkscrew;’kɔ:rk‚skru:;de flesopener;m;
apron;’eɪprən;het schort;n;
tablecloth;’teɪbəl‚klɒƟ;het tafelkleed;n;
napkin;’næpkɪn;het servet;n;
tray;treɪ;het dienblad;n;
kitchen roll;’kɪtʃən rəʋl;de keukenrol;m;
sink;sɪŋk;de wasbak;m;
faucet;’fɔ:sɪt;de kraan;m;
dishwashing liquid;’dɪʃ‚wɒʃɪŋ ’lɪkwɪd;het afwasmiddel;n;
trash bin;træʃ bɪn;de afvalemmer;m;
**Tableware;;**Tafelgerei;;
fork;fɔ:rk;de vork;m;
knife;naɪf;het mes;n;
spoon;spu:n;de lepel;m;
teaspoon;’ti:‚spu:n;de theelepel;m;
saucer;’sɔ:sər;het schoteltje;n;
plate;pleɪt;het bord;n;
cup;kʌp;de kop;m;
mug;mʌg;de mok;m;
glass;glæs;het glas;n;
wineglass;’waɪnglæs;het wijnglas;n;
**In the room;;**In de kamer;;
pillow;’pɪləʋ;het hoofdkussen;n;
floor lamp;’flɔ:rlæmp;de staande lamp;f;
sheet;ʃi:t;het laken;n;
pillowcase;’pɪləʋ‚keɪs;het kussensloop;n;
bedroom lamp;’bed‚ru:m læmp;de leeslampje;m;
curtain;’kɜ:rtən;het gordijn;n;
pendant lamp;’pendənt læmp;de hanglamp;f;
alarm clock;ə’lɑ:rm‚klɒk;de wekker;m;
mattress;’mætrɪs;de matras;m;
blinds;blaɪndz;de luxaflex;m;
mirror;’mɪrər;de spiegel;m;
bedspread;’bed‚spred;de sprei;m;
blanket;’blæŋkɪt;de deken;m;
**Bathroom;;**Badkamer;;
toothbrush;’tu:Ɵbrʌʃ;de tandenborstel;m;
washbasin;’wɒʃ‚beɪsən;de wasbak;m;
toothpaste;’tu:Ɵpeɪst;de tandpasta;m;
razor;’reɪzər;het scheermes;n;
foam;fəʋm;het schuim;n;
gel;dʒel;de gel;m;
mat;mæt;de badmat;m;
shampoo;ʃæm’pu:;de shampoo;m;
liquid soap;’lɪkwɪd səʋp;de vloeibare zeep;m;
bathtub;’bæƟ‚tʌb;de badkuip;m;
sponge;spʌndʒ;de spons;m;
shower;’ʃaʋər;de douche;f;
towel rack;’taʋəlræk;het handdoekrek;n;
soap;səʋp;de zeep;m;
soap dish;səʋp dɪʃ;het zeepbakje;n;
towel;’taʋəl;de handdoek;m;
*Work;;*Baan;;
**Professions;;**Beroepen;;
guard;gɑ:rd;de bewaker;m;
bartender;’bɑ:rtendər;de barman;m;
anchorperson;’æŋkər‚pɜ:rsən;de nieuwslezer;m;
programmer;’prəʋgræmər;de programmeur;m;
accountant;ə’kaʋntənt;de boekhouder;m;
musician;mju:’zɪʃən;de musicus;m;
actor;’æktər;de acteur;m;
photographer;fə’tɒgrəfər;de fotograaf;m;
driver;’draɪvər;de chauffeur;m;
waiter;’weɪtər;de ober;m;
singer;’sɪŋər;de zanger;m;
sportsman;’spɔ:rtsmən;de sportman;m;
veterinarian;‚vetərɪ’nerɪən;de dierenarts;m;
cook;kʋk;de kok;m;
tailor;’teɪlər;de kleermaker;m;
cameraman;’kæmərə‚mæn;de cameraman;m;
teacher;’ti:tʃər;de leraar;m;
**Office;;**Kantoor;;
pencil;’pensəl;het potlood;n;
paper;’peɪpər;het papier;n;
desk lamp;desk læmp;de bureaulamp;f;
calendar;’kæləndər;de kalender;m;
highlighter;’haɪ‚laɪtər;de markeerstift;m;
safe;seɪf;de kluis;m;
paperclip;’peɪpər‚klɪp;de paperclip;m;
desk;desk;het bureau;n;
punch;pʌntʃ;de perforator;m;
ruler;’ru:lər;de liniaal;m;
Scotch tape;‚skɒtʃ’teɪp;het plakband;n;
pencil sharpener;’pensəl ’ʃɑ:rpnər;de puntenslijper;m;
organizer;’ɔ:rgə‚naɪzər;de agenda;f;
file folder;faɪl ’fəʋldər;de map;m;
stapler;’steɪplər;de nietmachine;f;
pen;pen;de pen;m;
office chair;ˈɒfɪs ʧeə;de bureaustoel;m;
eraser;ɪ’reɪsər;de gum;m;
notepaper;’nəʋt‚peɪpər;het notitieblok;n;
**Computer;;**Computer;;
laptop;’læptɒp;de laptop;m;
monitor;’mɒnɪtər;de monitor;m;
display;dɪ’spleɪ;het scherm;n;
system unit;’sɪstəm ’ju:nɪt;de systeem unit;m;
mouse;maʋs;de muis;m;
mousepad;’maʋspæd;de muismat;m;
keyboard;’ki:‚bɔ:rd;het toetsenbord;n;
scanner;’skænər;de scanner;m;
printer;’prɪntər;de printer;m;
**Verbs;;**Werkwoorden;;
work;wɜ:rk;werken;;
do;du:;doen;;
read;ri:d;lezen;;
write;raɪt;schrijven;;
type;taɪp;typen;;
study;’stʌdɪ;studeren;;
teach;ti:tʃ;les geven;;
sell;sel;verkopen;;
draw;drɔ:;tekenen;;
sing;sɪŋ;zingen;;
build;bɪld;bouwen;;
dig;dɪg;graven;;
manage;’mænɪdʒ;leiden;;
repair;rɪ’peər;repareren;;
load;ləʋd;laden;;
set;set;neerzetten;;
open;’əʋpən;openen;;
close;kləʋz;sluiten;;
**Verbs 2;;**Werkwoorden 2;;
say;seɪ;zeggen;;
tell;tel;vertellen;;
talk;tɔ:k;praten;;
speak;spi:k;spreken;;
ask;æsk;vragen;;
answer;’ænsər;antwoorden;;
phone;fəʋn;telefoneren;;
meet;mi:t;ontmoeten;;
shake hands;ʃeɪk hændz;handen schudden;;
listen;’lɪsən;luisteren;;
praise;preɪz;prijzen;;
scold;skəʋld;schelden;;
show;ʃəʋ;laten zien;;
*City;;*Stad;;
**General;;**Algemeen;;
street;stri:t;de straat;f;
avenue;’ævə‚nju:;de laan;m;
alley;’ælɪ;de steeg;f;
parking lot;’pɑ:rkɪŋ lɒt;de parkeerplaats;f;
sidewalk;’saɪd‚wɔ:k;de stoep;m;
pedestrian;pə’destrɪən;de voetganger;m;
crosswalk;’krɔ:swɔ:k;het zebrapad;n;
pedestrian subway;pə’destrɪən ’sʌb‚weɪ;de voetgangerstunnel;m;
traffic lights;’træfɪk laɪts;het stoplicht;n;
square;skweər;het plein;n;
park;pɑ:rk;het park;n;
bench;bentʃ;de bank;f;
fountain;’faʋntən;de fontein;f;
memorial;mə’mɔ:rɪəl;het monument;n;
bridge;brɪdʒ;de brug;f;
tunnel;’tʌnəl;de tunnel;m;
bicycle path;’baɪsɪkəl pæƟ;het fietspad;n;
garbage can;’gɑ:rbɪdʒ kæn;de prullenbak;m;
garbage;’gɑ:rbɪdʒ;het vuilnis;n;
**Services;;**Diensten;;
hairdresser's;’heər‚dresərz;de kapper;m;
beauty salon;ˈbjuːti ˈsælɒn;de schoonheidssalon;m;
drugstore;’drʌg‚stɔ:r;de apotheek;f;
laundry;’lɔ:ndrɪ;de wasserette;f;
dry cleaner's;draɪ ’kli:nərz;de stomerij;f;
gas station;’gæs‚steɪʃən;het benzinestation;n;
car wash;’kɑ:rwɒʃ;de autowasserette;f;
service station;’sɜ:rvɪs ’steɪʃən;het servicestation;n;
car rental;kɑ:r ’rentəl;de autoverhuur;m;
currency exchange;’kʌrənsɪ ɪks’tʃeɪndʒ;het geldwisselkantoor;n;
market;’mɑ:rkɪt;de markt;f;
supermarket;’su:pər‚mɑ:rkɪt;de supermarkt;f;
bakery;’beɪkərɪ;de bakkerij;f;
restaurant;’restə‚rɒnt;het restaurant;n;
bar;bɑ:r;bar;;
coffee shop;’kɒfɪ ʃɒp;het café;n;
cake shop;keɪk ʃɒp;de patisserie;f;
**Shop;;**Winkel;;
basket;’bæskɪt;het mandje;n;
cart;kɑ:rt;het wagentje;n;
shopping bag;’ʃɒpɪŋ bæg;de boodschappentas;m;
shop assistant;’ʃɒpə‚sɪstənt;de winkelbediende;m;
aisle;aɪl;de gang;m;
goods;gʋdz;de goederen;pl;
cashier;kæ’ʃɪər;de kassière;f;
scales;skeɪlz;de weegschaal;f;
bar code;’bɑ:rkəʋd;de streepjescode;m;
price tag;’praɪstæg;het prijskaartje;n;
receipt;rɪ’si:t;de kassabon;m;
discount;’dɪskaʋnt;de korting;f;
discount card;dɪs’kaʋnt kɑ:rd;de kortingskaart;f;
change;tʃeɪndʒ;het wisselgeld;n;
sale;seɪl;de uitverkoop;m;
floor map;flɔ:r mæp;de plattegrond;m;
emergency exit;ɪ’mɜ:rdʒənsɪ ’egzɪt;de nooduitgang;m;
WC;’wɒtər‚klɒzɪt;het toilet;n;
**Bank;;**Bank;;
credit card;’kredɪt kɑ:rd;de creditcard;f;
ATM;‚eɪti:’em;de geldautomaat;m;
money;’mʌnɪ;het geld;n;
cash;kæʃ;het contant geld;n;
**Post Office;;**Postkantoor;;
postcard;’pəʋstkɑ:rd;de briefkaart;f;
letter;’letər;de brief;m;
envelope;’envə‚ləʋp;de envelop;f;
stamp;stæmp;de postzegel;m;
zip code;’zɪp‚kəʋd;de postcode;m;
package;’pækɪdʒ;het pakket;n;
**City Transport;;**Openbaar vervoer;;
bus;bʌs;de bus;f;
bus stop;’bʌs‚stɒp;de bushalte;f;
streetcar;’stri:t‚kɑ:r;de tram;m;
trolleybus;’trɒlɪ‚bʌs;de trolleybus;f;
subway;’sʌb‚weɪ;de metro;m;
subway station;’sʌb‚weɪ ’steɪʃən;het metrostation;n;
cab;kæb;de taxi;m;
ticket;’tɪkɪt;het kaartje;n;
schedule;’skedʒu:l;de dienstregeling;f;
route;ru:t;de route;f;
*Traveling;;*Reizen;;
**Customs;;**Douane;;
visa;’vi:zə;het visum;n;
stamp;stæmp;de stempel;m;
border;’bɔ:rdər;de grens;f;
customs official;’kʌstəmz ə’fɪʃəl;de douanier;m;
tourist;’tʋrɪst;de toerist;m;
customs control;’kʌstəmz kən’trəʋl;de douanecontrole;f;
passport control;’pæspɔ:rt kən’trəʋl;de paspoortcontrole;f;
metal detector;’metəl dɪ’tektər;de metaaldetector;m;
walk-through detector;’wɔ:kƟru: dɪ’tektər;de detectiepoort;f;
baggage control;’bægɪdʒ kən’trəʋl;de bagagecontrole;f;
**Hotel;;**Hotel;;
reception;rɪ’sepʃən;de receptie;f;
single room;’sɪŋgəl ru:m;de eenpersoonskamer;f;
double room;’dʌbəl ru:m;de tweepersoonskamer;f;
deluxe;də’lʌks;luxe;;
maid;meɪd;het kamermeisje;n;
buffet breakfast;bə’feɪ ’brekfəst;het ontbijtbuffet;n;
mini-bar;’mɪnɪbɑ:r;de minibar;m;
checkout (from hotel);’tʃekaʋt;het uitchecken;n;
**By car;;**Per auto;;
gas;gæs;de benzine;f;
road;rəʋd;de weg;m;
highway;’haɪ‚weɪ;de snelweg;m;
traffic;’træfɪk;het verkeer;n;
traffic jam;’træfɪk dʒæm;de file;f;
traffic circle;’træfɪk ’sɜ:rkəl;de rotonde;f;
road junction;rəʋd ’dʒʌŋkʃən;de ongelijkwaardige kruising;f;
crossroads;’krɔ:s‚rəʋdz;de kruising;f;
exit;’egzɪt;de afslag;m;
rail crossing;reɪl ’krɔ:sɪŋ;de spoorwegovergang;m;
traffic sign;’træfɪk saɪn;het verkeersbord;n;
road marking;rəʋd ’mɑ:rkɪŋ;de wegmarkering;f;
car;kɑ:r;de auto;m;
license plate;’laɪsəns pleɪt;het nummerbord;n;
side mirror;saɪd ’mɪrər;de zijspiegel;m;
rearview mirror;’rɪərvju: ’mɪrər;de achteruitkijkspiegel;m;
windshield;’wɪndʃi:ld;de voorruit;f;
wipers;’waɪpərs;de ruitenwissers;mpl;
trunk;trʌŋk;de kofferbak;m;
wheel;wi:l;het wiel;n;
tire;’taɪər;de band;m;
tank;tæŋk;de tank;m;
steering wheel;’stɪrɪŋ‚wi:l;het stuur;n;
seat belt;’si:t‚belt;de veiligheidsriem;m;
brake pedal;breɪk ’pedəl;het rempedaal;n;
gas pedal;gæs ’pedəl;het gaspedaal;n;
clutch pedal;klʌtʃ ’pedəl;het koppelingspedaal;n;
dashboard;’dæʃbɔ:rd;het dashboard;n;
glove compartment;glʌv kəm’pɑ:rtmənt;het handschoenenkastje;n;
speedometer;spi:’dɒmɪtər;de snelheidsmeter;m;
airbag;’eərbæg;de airbag;m;
**By train;;**Per trein;;
railway station;’reɪlweɪ ’steɪʃən;het treinstation;n;
luggage lockers;’lʌgɪdʒ ’lɒkərz;het bagagekluisjes;npl;
waiting room;’weɪtɪŋ‚ru:m;de wachtruimte;f;
ticket window;’tɪkɪt ’wɪndəʋ;het loket;n;
platform;’plætfɔ:rm;het perron;n;
luggage cart;’lʌgɪdʒ kɑ:rt;het bagagekarretje;n;
conductor;kən’dʌktər;de conducteur;m;
passenger;’pæsəndʒər;de passagier;m;
train;treɪn;de trein;m;
car;kɑ:r;de wagon;m;
dining car;’daɪnɪŋkɑ:r;de restauratiewagon;m;
compartment;kəm’pɑ:rtmənt;de coupé;f;
seat;si:t;de stoel;m;
luggage rack;’lʌgɪdʒ ræk;het bagagerek;n;
**By plane;;**Per vliegtuig;;
airport;’eər‚pɔ:rt;de luchthaven;f;
runway;’rʌnweɪ;de landingsbaan;m;
Arrivals;ə’raɪvəlz;de Aankomst;f;
Departures;dɪ’pɑ:rtʃərz;het Vertrek;n;
take-off;’teɪkɒf;het opstijgen;n;
landing;’lændɪŋ;de landing;f;
flight;flaɪt;de vlucht;f;
baggage claim;’bægɪdʒ kleɪm;de bagageband;m;
luggage tag;’lʌgɪdʒ tæg;het bagagelabel;n;
duty-free store;‚du:tɪ’fri: stɔ:r;de duty-free shop;m;
check-in;’tʃek‚ɪn;het inchecken;n;
boarding pass;’bɔ:rdɪŋ‚pæs;de instapkaart;f;
luggage;’lʌgɪdʒ;de bagage;f;
hand luggage;hænd ’lʌgɪdʒ;de handbagage;f;
airplane;’eər‚pleɪn;het vliegtuig;n;
*Sport;;*Sport;;
**Fitness Center;;**Sportschool;;
fitness instructor;’fɪtnɪs ɪn’strʌktər;de fitnessinstructeur;m;
swimming pool;’swɪmɪŋ‚pu:l;het zwembad;n;
sauna;’saʋnə;de sauna;f;
tanning booth;’tænɪŋ bu:Ɵ;de zonnebank;m;
aerobics;ə’rəʋbɪks;de aerobics;pl;
yoga;’jəʋgə;de yoga;f;
Pilates;pɪ’lɑ:ti:z;de Pilates;m;
stretching;’stretʃɪŋ;het strekken;n;
exercise;’eksər‚saɪz;de oefening;f;
exercise machine;’eksər‚saɪz mə’ʃi:n;het toestel;n;
exercise bike;’eksər‚saɪz baɪk;de hometrainer;m;
treadmill;’tred‚mɪl;de loopband;m;
stepper;’stepər;de stepper;m;
**Athletics;;**Atletiek;;
running;’rʌnɪŋ;het hardlopen;n;
relay race;ri:’leɪ reɪs;de estafette;f;
jumping;’dʒʌmpɪŋ;het springen;n;
pole vault;’pəʋlvɔ:lt;het polsstokhoogspringen;n;
weightlifting;’weɪt‚lɪftɪŋ;het gewichtheffen;n;
**Team Sports;;**Teamsporten;;
soccer;’sɒkər;het voetbal;n;
football;’fʋtbɔ:l;het Amerikaans voetbal;n;
baseball;’beɪs‚bɔ:l;het honkbal;n;
basketball;’bæskɪt‚bɔ:l;het basketbal;n;
volleyball;’vɒlɪbɔ:l;het volleybal;n;
ice hockey;’aɪs‚hɒkɪ;het ijshockey;n;
**Combat Sports;;**Gevechtssporten;;
boxing;’bɒksɪŋ;het boksen;n;
karate;kə’rɑ:tɪ;het karate;n;
sumo;’su:məʋ;het sumoworstelen;n;
taekwondo;‚taɪ‚kwɒn’dəʋ;het taekwondo;n;
*Leisure;;*Vrije tijd;;
**Beach;;**Strand;;
beach;bi:tʃ;het strand;n;
sand;sænd;het zand;n;
pebble;’pebəl;de kiezelsteen;m;
beach umbrella;bi:tʃ ʌm’brelə;de parasol;f;
beach chair;ˈbiːtʃ ˌtʃer;de strandstoel;m;
float;fləʋt;de zwemband;m;
air mattress;’eər‚mætrɪs;het luchtbed;n;
sunglasses;’sʌn‚glæsɪz;de zonnebril;m;
swimming trunks;’swɪmɪŋ trʌŋks;de zwembroek;f;
bikini;bi:’ki:nɪ;de bikini;m;
swimsuit;’swɪmsu:t;het badpak;n;
suntan lotion;’sʌntæn ’ləʋʃən;de zonnebrandcrème;f;
boat;bəʋt;de boot;f;
water skiing;’wɒtər ’ski:ɪŋ;het waterskiën;n;
motorboat;’məʋtər‚bəʋt;de motorboot;f;
jet ski;ˈdʒet skiː;de waterscooter;m;
flippers;’flɪpərz;de flippers;mpl;
surfboard;’sɜ:rfbɔ:rd;de surfplank;f;
**Winter leisure;;**Wintervakantie;;
skis;ski:z;de ski's;mpl;
ski poles;ski: pəʋlz;de skistokken;mpl;
ski suit;ski: su:t;het skipak;n;
ski boots;ski: bu:ts;de skischoenen;mpl;
ski run;’ski:‚rʌn;de skipiste;f;
ski jump;ski: dʒʌmp;de skischans;m;
chair lift;tʃeər lɪft;de stoeltjeslift;m;
cable car;’keɪbəl kɑ:r;de kabelbaan;f;
skating rink;’skeɪtɪŋ rɪŋk;de ijsbaan;f;
ice skates;aɪs skeɪts;de schaatsen;fpl;
sled;sled;de slee;m;
snowmobile;’snəʋmə‚bi:l;de sneeuwmobiel;m;
snowboard;’snəʋ‚bɔ:rd;het snowboard;n;
**Outdoor activities;;**Buitenactiviteiten;;
volleyball;’vɒlɪbɔ:l;het volleybal;n;
mountain climbing;’maʋntən ’klaɪmɪŋ;het bergbeklimmen;n;
fishing;’fɪʃɪŋ;het vissen;n;
scuba diving;’sku:bə ’daɪvɪŋ;het duiken;n;
golf;gɒlf;het golf;n;
walk;wɔ:k;wandelen;;
surfing;’sɜ:rfɪŋ;het surfen;n;
parachute;’pærə‚ʃu:t;de parachute;m;
ping-pong;’pɪŋ‚pɒŋ;het tafeltennis;n;
windsurfing;’wɪnd‚sɜ:rfɪŋ;het windsurfen;n;
skydiving;’skaɪ‚daɪvɪŋ;het skydiven;n;
paintball;’peɪntbɔ:l;het paintball;n;
bicycle;’baɪsɪkəl;de fiets;f;
tennis;’tenɪs;het tennis;n;
**Camping;;**Kamperen;;
tent;tent;de tent;f;
sleeping bag;’sli:pɪŋ‚bæg;de slaapzak;m;
barbecue;’bɑ:rbə‚kju:;de barbecue;m;
charcoal;’tʃɑ:r‚kəʋl;de houtskool;f;
skewer;’skju:ər;de spies;f;
camp fire;kæmp ’faɪər;het kampvuur;n;
matches;’mætʃɪz;de lucifers;mpl;
**Theater;;**Theater;;
cloakroom;’kləʋk‚ru:m;de garderobe;f;
stage;steɪdʒ;het podium;n;
sets;sets;het decor;n;
orchestra;’ɔ:rkɪstrə;het orkest;n;
conductor;kən’dʌktər;de dirigent;m;
opera glasses;’ɒpərə‚glæsɪz;de toneelkijker;m;
program;’prəʋgræm;het programma;n;
performance;pər’fɔ:rməns;de voorstelling;f;
comedy;’kɒmɪdɪ;de komedie;f;
tragedy;’trædʒɪdɪ;de tragedie;f;
opera;’ɒpərə;de opera;m;
ballet;bæ’leɪ;het ballet;n;
**Museum;;**Museum;;
exhibition;‚eksə’bɪʃən;de tentoonstelling;f;
exhibit;ɪg’zɪbɪt;het museumstuk;n;
guide;gaɪd;de gids;m;
painter;’peɪntər;de schilder;m;
picture;’pɪktʃər;het schilderij;n;
landscape;’lænd‚skeɪp;het landschap;n;
watercolor;’wɒtər‚kʌlər;de aquarel;f;
still life;stɪl laɪf;het stilleven;n;
sketch;sketʃ;de schets;f;
fresco;’freskəʋ;het fresco;n;
sculpture;’skʌlptʃər;de sculptuur;f;
statue;’stætʃu:;het beeld;n;
**Television;;**Televisie;;
channel;’tʃænəl;het kanaal;n;
news program;nu:z ’prəʋgræm;het nieuws;n;
talk show;’tɔ:k‚ʃəʋ;de talkshow;m;
weather forecast;’weðər‚fɔ:rkæst;het weerbericht;n;
horror movie;’hɔ:rər ’mu:vɪ;de horrorfilm;m;
action movie;’ækʃən ’mu:vɪ;de actiefilm;m;
love story;’lʌv‚stɔ:rɪ;het melodrama;n;
drama;’drɒmə;het drama;n;
animated movie;’ænə‚meɪtɪd ’mu:vɪ;de tekenfilm;m;
Science-Fiction (Sci-Fi);ˈsaɪəns-ˈfɪkʃən;de Science Fiction (SF);f;
**Amusements;;**Amusement;;
circus;’sɜ:rkəs;het circus;n;
shooting gallery;’ʃu:tɪŋ‚gælərɪ;de schiettent;m;
carnival;’kɑ:rnəvəl;het carnaval;n;
roller coaster;’rəʋlər ’kəʋstər;de achtbaan;f;
Ferris wheel;’ferɪs wi:l;het reuzenrad;n;
disco;’dɪskəʋ;de discotheek;f;
casino;kə’si:nəʋ;het casino;n;
slot machine;slɒt mə’ʃi:n;de speelautomaat;m;